label,sheet,file,title,tag,date,license,page
N-001,n-sheet-01.jpg,nasa/capsule_artist-s-concept-of-apollo-14-command-service-modules-circli_S71-16574.jpg,capsule_artist-s-concept-of-apollo-14-command-service-modules-circli_S71-16574,,,NASA media usage guidelines (generally public domain),https://images.nasa.gov/details/artist-s-concept-of-apollo-14-command-service-modules-circli_S71-16574
N-002,n-sheet-01.jpg,nasa/capsule_cruise-vehicles-artist-concept_PIA15954.jpg,Cruise Vehicles Artist Concept,capsule,2012-08-02T22:00:04Z,NASA media usage guidelines (generally public domain),https://images.nasa.gov/details/PIA15954
N-003,n-sheet-01.jpg,nasa/capsule_egs-artist-photos-launch-complex-39b_KSC-20180726-PH_CSH01_00.jpg,EGS Artist Photos - Launch Complex 39B,capsule,2018-07-26T00:00:00Z,NASA media usage guidelines (generally public domain),https://images.nasa.gov/details/KSC-20180726-PH_CSH01_0020
N-004,n-sheet-01.jpg,nasa/concept_dawn-spacecraft-gathering-spectral-data-from-vesta-art_PIA12030.jpg,Dawn Spacecraft Gathering Spectral Data from Vesta Artist Concept,concept,2009-05-29T20:50:15Z,NASA media usage guidelines (generally public domain),https://images.nasa.gov/details/PIA12030
N-005,n-sheet-01.jpg,nasa/concept_dawn-spacecraft-leaving-earth-artist-concept_PIA12032.jpg,Dawn Spacecraft Leaving Earth Artist Concept,concept,2009-05-29T20:50:17Z,NASA media usage guidelines (generally public domain),https://images.nasa.gov/details/PIA12032
N-006,n-sheet-01.jpg,nasa/concept_dawn-spacecraft-orbiting-ceres-artist-concept_PIA12031.jpg,Dawn Spacecraft Orbiting Ceres Artist Concept,concept,2009-05-29T20:50:16Z,NASA media usage guidelines (generally public domain),https://images.nasa.gov/details/PIA12031
N-007,n-sheet-01.jpg,nasa/concept_dawn-spacecraft-with-vesta-and-ceres-artist-concept_PIA12033.jpg,Dawn Spacecraft with Vesta and Ceres Artist Concept,concept,2009-05-29T20:50:18Z,NASA media usage guidelines (generally public domain),https://images.nasa.gov/details/PIA12033
N-008,n-sheet-01.jpg,nasa/concept_early-program-development_9902060.jpg,Early Program Development,concept,1970-01-01T00:00:00Z,NASA media usage guidelines (generally public domain),https://images.nasa.gov/details/9902060
N-009,n-sheet-01.jpg,nasa/concept_earth-reflection-in-dawn-spacecraft-artist-concept_PIA12029.jpg,Earth Reflection in Dawn Spacecraft Artist Concept,concept,2009-05-29T20:50:14Z,NASA media usage guidelines (generally public domain),https://images.nasa.gov/details/PIA12029
N-010,n-sheet-02.jpg,nasa/concept_gemini-spacecraft-artist-concept_S64-12007.jpg,GEMINI SPACECRAFT - ARTIST CONCEPT,concept,1964-01-17T00:00:00Z,NASA media usage guidelines (generally public domain),https://images.nasa.gov/details/S64-12007
N-011,n-sheet-02.jpg,nasa/concept_gemini-spacecraft-artist-concept_S64-22331.jpg,GEMINI SPACECRAFT - ARTIST CONCEPT,concept,1964-01-01T00:00:00Z,NASA media usage guidelines (generally public domain),https://images.nasa.gov/details/S64-22331
N-012,n-sheet-02.jpg,nasa/concept_kepler-spacecraft-artist-concept_PIA11825.jpg,Kepler Spacecraft Artist Concept,concept,2009-03-06T00:55:38Z,NASA media usage guidelines (generally public domain),https://images.nasa.gov/details/PIA11825
N-013,n-sheet-02.jpg,nasa/concept_nasa-stereo-a-spacecraft-observing-a-very-active-sun-a_PIA18171.jpg,NASA STEREO-A Spacecraft Observing a very Active Sun Artist Concept,concept,2009-04-14T23:00:00Z,NASA media usage guidelines (generally public domain),https://images.nasa.gov/details/PIA18171
N-014,n-sheet-02.jpg,nasa/concept_planck-spacecraft-artist-concept_PIA13953.jpg,Planck Spacecraft Artist Concept,concept,2012-01-17T19:25:59Z,NASA media usage guidelines (generally public domain),https://images.nasa.gov/details/PIA13953
N-015,n-sheet-02.jpg,nasa/concept_psyche-spacecraft-artist-s-concept_PIA23875.jpg,Psyche Spacecraft (Artist's Concept),concept,2020-07-07T00:00:00Z,NASA media usage guidelines (generally public domain),https://images.nasa.gov/details/PIA23875
N-016,n-sheet-02.jpg,nasa/concept_solar-terrestrial-relations-observatory-spacecraft-art_PIA18172.jpg,Solar Terrestrial Relations Observatory Spacecraft Artist Concept,concept,2011-06-01T22:38:56Z,NASA media usage guidelines (generally public domain),https://images.nasa.gov/details/PIA18172
N-017,n-sheet-02.jpg,nasa/deep-space_advanced-concept_0002024.jpg,Advanced Concept,deep-space,2002-09-09T00:00:00Z,NASA media usage guidelines (generally public domain),https://images.nasa.gov/details/0002024
N-018,n-sheet-02.jpg,nasa/deep-space_advanced-concept_9906265.jpg,Advanced Concept,deep-space,1999-10-21T00:00:00Z,NASA media usage guidelines (generally public domain),https://images.nasa.gov/details/9906265
N-019,n-sheet-03.jpg,nasa/deep-space_nasa-s-voyager-probe-speeds-through-space-artist-s-con_PIA26353.jpg,NASA's Voyager Probe Speeds Through Space (Artist's Concept),deep-space,2025-05-14T00:00:00Z,NASA media usage guidelines (generally public domain),https://images.nasa.gov/details/PIA26353
N-020,n-sheet-03.jpg,nasa/docking_skylab_0101324.jpg,Skylab,docking,1972-01-01T00:00:00Z,NASA media usage guidelines (generally public domain),https://images.nasa.gov/details/0101324
N-021,n-sheet-03.jpg,nasa/docking_skylab_0101325.jpg,Skylab,docking,1970-01-01T00:00:00Z,NASA media usage guidelines (generally public domain),https://images.nasa.gov/details/0101325
N-022,n-sheet-03.jpg,nasa/docking_skylab_0101903.jpg,Skylab,docking,1973-01-01T00:00:00Z,NASA media usage guidelines (generally public domain),https://images.nasa.gov/details/0101903
N-023,n-sheet-03.jpg,nasa/docking_skylab_7020702.jpg,Skylab,docking,1971-08-01T00:00:00Z,NASA media usage guidelines (generally public domain),https://images.nasa.gov/details/7020702
N-024,n-sheet-03.jpg,nasa/docking_skylab_7026841.jpg,Skylab,docking,1971-12-01T00:00:00Z,NASA media usage guidelines (generally public domain),https://images.nasa.gov/details/7026841
N-025,n-sheet-03.jpg,nasa/docking_skylab_7026845.jpg,Skylab,docking,1971-12-01T00:00:00Z,NASA media usage guidelines (generally public domain),https://images.nasa.gov/details/7026845
N-026,n-sheet-03.jpg,nasa/docking_skylab_7034689.jpg,Skylab,docking,1972-09-01T00:00:00Z,NASA media usage guidelines (generally public domain),https://images.nasa.gov/details/7034689
N-027,n-sheet-03.jpg,nasa/docking_skylab_7034693.jpg,Skylab,docking,1971-12-01T00:00:00Z,NASA media usage guidelines (generally public domain),https://images.nasa.gov/details/7034693
N-028,n-sheet-04.jpg,nasa/habitat_arc-1975-ac75-1086-1_ARC-1975-AC75-1086-1.jpg,ARC-1975-AC75-1086-1,habitat,1975-05-27T00:00:00Z,NASA media usage guidelines (generally public domain),https://images.nasa.gov/details/ARC-1975-AC75-1086-1
N-029,n-sheet-04.jpg,nasa/habitat_arc-1976-ac76-1267_ARC-1976-AC76-1267.jpg,ARC-1976-AC76-1267,habitat,1976-08-01T00:00:00Z,NASA media usage guidelines (generally public domain),https://images.nasa.gov/details/ARC-1976-AC76-1267
N-030,n-sheet-04.jpg,nasa/habitat_nasa-hq-new-a-suite-visit_KSC-20210419-PH-KLS01_02.jpg,NASA HQ New A-Suite Visit,habitat,2021-04-19T00:00:00Z,NASA media usage guidelines (generally public domain),https://images.nasa.gov/details/KSC-20210419-PH-KLS01_0202
N-031,n-sheet-04.jpg,nasa/interplanetary_early-program-development_9902062.jpg,Early Program Development,interplanetary,1969-01-01T00:00:00Z,NASA media usage guidelines (generally public domain),https://images.nasa.gov/details/9902062
N-032,n-sheet-04.jpg,nasa/interplanetary_fetch-rover-approaching-sample-tubes-artist-s-concept_PIA23493.jpg,Fetch Rover Approaching Sample Tubes (Artist's Concept),interplanetary,2020-02-10T00:00:00Z,NASA media usage guidelines (generally public domain),https://images.nasa.gov/details/PIA23493
N-033,n-sheet-04.jpg,nasa/interplanetary_mars-ascent-vehicle-deploying-sample-container-in-orbi_PIA23500.jpg,Mars Ascent Vehicle Deploying Sample Container in Orbit (Artist's Concept),interplanetary,2020-02-10T00:00:00Z,NASA media usage guidelines (generally public domain),https://images.nasa.gov/details/PIA23500
N-034,n-sheet-04.jpg,nasa/interplanetary_mars-ascent-vehicle-launching-with-samples-artist-s-co_PIA23496.jpg,Mars Ascent Vehicle Launching with Samples (Artist's Concept),interplanetary,2020-02-10T00:00:00Z,NASA media usage guidelines (generally public domain),https://images.nasa.gov/details/PIA23496
N-035,n-sheet-04.jpg,nasa/interplanetary_mars-sample-return-campaign-artist-s-concept_PIA24870.jpg,Mars Sample Return Campaign Artist's Concept,interplanetary,2021-09-30T00:00:00Z,NASA media usage guidelines (generally public domain),https://images.nasa.gov/details/PIA24870
N-036,n-sheet-04.jpg,nasa/interplanetary_mars-sample-return-concept-illustration_PIA25326.jpg,Mars Sample Return Concept Illustration,interplanetary,2022-07-27T00:00:00Z,NASA media usage guidelines (generally public domain),https://images.nasa.gov/details/PIA25326
N-037,n-sheet-05.jpg,nasa/interplanetary_mars-sample-return-lander-touchdown-artist-s-concept_PIA23494.jpg,Mars Sample Return Lander Touchdown (Artist's Concept),interplanetary,2020-02-10T00:00:00Z,NASA media usage guidelines (generally public domain),https://images.nasa.gov/details/PIA23494
N-038,n-sheet-05.jpg,nasa/interplanetary_robotic-arm-transferring-tubes-from-fetch-rover-to-lan_PIA23495.jpg,Robotic Arm Transferring Tubes From Fetch Rover to Lander (Artist's Concept),interplanetary,2020-02-10T00:00:00Z,NASA media usage guidelines (generally public domain),https://images.nasa.gov/details/PIA23495
N-039,n-sheet-05.jpg,nasa/lander_0800203_0800203.jpg,0800203,lander,2008-03-15T00:00:00Z,NASA media usage guidelines (generally public domain),https://images.nasa.gov/details/0800203
N-040,n-sheet-05.jpg,nasa/lander_advanced-concept_0800197.jpg,Advanced Concept,lander,2008-02-15T00:00:00Z,NASA media usage guidelines (generally public domain),https://images.nasa.gov/details/0800197
N-041,n-sheet-05.jpg,nasa/lander_artist-s-concept-depicts-blue-origin-s-blue-moon-mark-2-hls_MK2_EOR_ArtemisIII_Dock.jpg,lander_artist-s-concept-depicts-blue-origin-s-blue-moon-mark-2-hls_MK2_EOR_ArtemisIII_Dock,,,NASA media usage guidelines (generally public domain),https://images.nasa.gov/details/artist-s-concept-depicts-blue-origin-s-blue-moon-mark-2-hls_MK2_EOR_ArtemisIII_Dock
N-042,n-sheet-05.jpg,nasa/launch_installation-of-1-3-scale-model-of-space-shuttle-orbit_AC75-2582.jpg,Installation of 1/3 scale model of Space Shuttle Orbiter into 40x80 Foot Wind Tunnel.,launch,1995-07-14T00:00:00Z,NASA media usage guidelines (generally public domain),https://images.nasa.gov/details/AC75-2582
N-043,n-sheet-05.jpg,nasa/launch_ksc-2012-4005_KSC-2012-4005.jpg,KSC-2012-4005,launch,2012-07-26T00:00:00Z,NASA media usage guidelines (generally public domain),https://images.nasa.gov/details/KSC-2012-4005
N-044,n-sheet-05.jpg,nasa/launch_space-shuttle-ssv-orbiter-model-in-40x80-foot-wind-tun_AC75-1161-003.jpg,Space Shuttle SSV Orbiter Model In 40x80 Foot Wind Tunnel.,launch,1975-05-30T00:00:00Z,NASA media usage guidelines (generally public domain),https://images.nasa.gov/details/AC75-1161-003
N-045,n-sheet-05.jpg,nasa/launch_the-space-shuttle-columbia-touches-down-on-lakebed-run_ED06-0045-1.jpg,"The Space Shuttle Columbia touches down on lakebed runway 23 at Edwards Air Force Base, Calif., to conclude the first orbital shuttle mission",launch,1981-04-14T00:00:00Z,NASA media usage guidelines (generally public domain),https://images.nasa.gov/details/ED06-0045-1
N-046,n-sheet-06.jpg,nasa/launch_the-space-shuttle-columbia-touches-down-on-lakebed-run_ED06-0045-4.jpg,"The Space Shuttle Columbia touches down on lakebed runway 23 at Edwards Air Force Base, Calif., to conclude the first orbital shuttle mission",launch,1981-04-14T00:00:00Z,NASA media usage guidelines (generally public domain),https://images.nasa.gov/details/ED06-0045-4
N-047,n-sheet-06.jpg,nasa/power_deployment-of-gpm-solar-array_GSFC_20171208_Archive_e0.jpg,Deployment of GPM Solar Array,power,2017-12-08T00:00:00Z,NASA media usage guidelines (generally public domain),https://images.nasa.gov/details/GSFC_20171208_Archive_e001330
N-048,n-sheet-06.jpg,nasa/power_deployment-of-swot-s-solar-arrays_PIA25563.jpg,Deployment of SWOT's Solar Arrays,power,2022-12-21T00:00:00Z,NASA media usage guidelines (generally public domain),https://images.nasa.gov/details/PIA25563
N-049,n-sheet-06.jpg,nasa/power_punch-satellites-solar-array-deployment-test_KSC-20250122-PH-ANV01_00.jpg,PUNCH Satellites Solar Array Deployment Test,power,2025-01-22T00:00:00Z,NASA media usage guidelines (generally public domain),https://images.nasa.gov/details/KSC-20250122-PH-ANV01_0006
N-050,n-sheet-06.jpg,nasa/power_solar-array-test_GRC-2014-C-07749.jpg,Solar Array Test,power,2014-06-23T00:00:00Z,NASA media usage guidelines (generally public domain),https://images.nasa.gov/details/GRC-2014-C-07749
N-051,n-sheet-06.jpg,nasa/probe_all-clear-for-new-horizons_PIA19695.jpg,All Clear for New Horizons,probe,2015-07-01T18:30:59Z,NASA media usage guidelines (generally public domain),https://images.nasa.gov/details/PIA19695
N-052,n-sheet-06.jpg,nasa/probe_cassini-spacecraft-in-a-jpl-assembly-room_PIA04603.jpg,Cassini Spacecraft in a JPL Assembly Room,probe,2003-07-02T20:03:52Z,NASA media usage guidelines (generally public domain),https://images.nasa.gov/details/PIA04603
N-053,n-sheet-06.jpg,nasa/probe_dawn-spacecraft-being-assembled_PIA12028.jpg,Dawn Spacecraft Being Assembled,probe,2009-05-29T20:50:13Z,NASA media usage guidelines (generally public domain),https://images.nasa.gov/details/PIA12028
N-054,n-sheet-06.jpg,nasa/probe_dawn-spacecraft-in-thermal-vacuum-chamber_PIA12020.jpg,Dawn Spacecraft in Thermal Vacuum Chamber,probe,2009-05-29T20:50:05Z,NASA media usage guidelines (generally public domain),https://images.nasa.gov/details/PIA12020
N-055,n-sheet-07.jpg,nasa/probe_dawn-spacecraft-processing_KSC-07PD-0858.jpg,Dawn Spacecraft Processing,probe,2007-04-10T00:00:00Z,NASA media usage guidelines (generally public domain),https://images.nasa.gov/details/KSC-07PD-0858
N-056,n-sheet-07.jpg,nasa/probe_dawn-spacecraft-processing_KSC-07PD-0861.jpg,Dawn Spacecraft Processing,probe,2007-04-10T00:00:00Z,NASA media usage guidelines (generally public domain),https://images.nasa.gov/details/KSC-07PD-0861
N-057,n-sheet-07.jpg,nasa/probe_dawn-spacecraft-processing_KSC-07PD-0862.jpg,Dawn Spacecraft Processing,probe,2007-04-10T00:00:00Z,NASA media usage guidelines (generally public domain),https://images.nasa.gov/details/KSC-07PD-0862
N-058,n-sheet-07.jpg,nasa/probe_dawn-spacecraft-processing_KSC-07PD-0863.jpg,Dawn Spacecraft Processing,probe,2007-04-10T00:00:00Z,NASA media usage guidelines (generally public domain),https://images.nasa.gov/details/KSC-07PD-0863
N-059,n-sheet-07.jpg,nasa/probe_dawn-spacecraft-processing_KSC-07PD-0864.jpg,Dawn Spacecraft Processing,probe,2007-04-10T00:00:00Z,NASA media usage guidelines (generally public domain),https://images.nasa.gov/details/KSC-07PD-0864
N-060,n-sheet-07.jpg,nasa/probe_dawn-spacecraft_PIA19376.jpg,Dawn Spacecraft,probe,2007-01-01T21:14:09Z,NASA media usage guidelines (generally public domain),https://images.nasa.gov/details/PIA19376
N-061,n-sheet-07.jpg,nasa/probe_illustration-of-dawn-spacecraft-inside-view_PIA12026.jpg,Illustration of  Dawn Spacecraft Inside View,probe,2009-05-29T20:50:11Z,NASA media usage guidelines (generally public domain),https://images.nasa.gov/details/PIA12026
N-062,n-sheet-07.jpg,nasa/propulsion_advanced-space-transportation-program-astp_0301772.jpg,Advanced Space Transportation Program (ASTP),propulsion,2003-07-21T00:00:00Z,NASA media usage guidelines (generally public domain),https://images.nasa.gov/details/0301772
N-063,n-sheet-07.jpg,nasa/propulsion_dawn-blue-glow-artist-concept_PIA18922.jpg,Dawn Blue Glow Artist Concept,propulsion,2015-03-02T17:08:03Z,NASA media usage guidelines (generally public domain),https://images.nasa.gov/details/PIA18922
N-064,n-sheet-08.jpg,nasa/propulsion_early-program-development_9902053.jpg,Early Program Development,propulsion,2004-04-15T00:00:00Z,NASA media usage guidelines (generally public domain),https://images.nasa.gov/details/9902053
N-065,n-sheet-08.jpg,nasa/propulsion_early-program-development_9902054.jpg,Early Program Development,propulsion,1963-01-01T00:00:00Z,NASA media usage guidelines (generally public domain),https://images.nasa.gov/details/9902054
N-066,n-sheet-08.jpg,nasa/propulsion_illustration-of-dawn-spacecraft-core-structure_PIA12027.jpg,Illustration of Dawn Spacecraft Core Structure,propulsion,2009-05-29T20:50:12Z,NASA media usage guidelines (generally public domain),https://images.nasa.gov/details/PIA12027
N-067,n-sheet-08.jpg,nasa/propulsion_nasa-and-darpa-collaboration-on-rocket-propulsion-technology_NHQ202301240001.jpg,propulsion_nasa-and-darpa-collaboration-on-rocket-propulsion-technology_NHQ202301240001,,,NASA media usage guidelines (generally public domain),https://images.nasa.gov/details/nasa-and-darpa-collaboration-on-rocket-propulsion-technology_NHQ202301240001
N-068,n-sheet-08.jpg,nasa/propulsion_nasa-and-darpa-collaboration-on-rocket-propulsion-technology_NHQ202301240002.jpg,propulsion_nasa-and-darpa-collaboration-on-rocket-propulsion-technology_NHQ202301240002,,,NASA media usage guidelines (generally public domain),https://images.nasa.gov/details/nasa-and-darpa-collaboration-on-rocket-propulsion-technology_NHQ202301240002
N-069,n-sheet-08.jpg,nasa/propulsion_nasa-and-darpa-collaboration-on-rocket-propulsion-technology_NHQ202301240003.jpg,propulsion_nasa-and-darpa-collaboration-on-rocket-propulsion-technology_NHQ202301240003,,,NASA media usage guidelines (generally public domain),https://images.nasa.gov/details/nasa-and-darpa-collaboration-on-rocket-propulsion-technology_NHQ202301240003
N-070,n-sheet-08.jpg,nasa/propulsion_nasa-and-darpa-collaboration-on-rocket-propulsion-technology_NHQ202301240004.jpg,propulsion_nasa-and-darpa-collaboration-on-rocket-propulsion-technology_NHQ202301240004,,,NASA media usage guidelines (generally public domain),https://images.nasa.gov/details/nasa-and-darpa-collaboration-on-rocket-propulsion-technology_NHQ202301240004
N-071,n-sheet-08.jpg,nasa/propulsion_nasa-and-darpa-collaboration-on-rocket-propulsion-technology_NHQ202301240005.jpg,propulsion_nasa-and-darpa-collaboration-on-rocket-propulsion-technology_NHQ202301240005,,,NASA media usage guidelines (generally public domain),https://images.nasa.gov/details/nasa-and-darpa-collaboration-on-rocket-propulsion-technology_NHQ202301240005
N-072,n-sheet-08.jpg,nasa/propulsion_nasa-and-darpa-collaboration-on-rocket-propulsion-technology_NHQ202301240006.jpg,propulsion_nasa-and-darpa-collaboration-on-rocket-propulsion-technology_NHQ202301240006,,,NASA media usage guidelines (generally public domain),https://images.nasa.gov/details/nasa-and-darpa-collaboration-on-rocket-propulsion-technology_NHQ202301240006
N-073,n-sheet-09.jpg,nasa/propulsion_nasa-and-darpa-collaboration-on-rocket-propulsion-technology_NHQ202301240007.jpg,propulsion_nasa-and-darpa-collaboration-on-rocket-propulsion-technology_NHQ202301240007,,,NASA media usage guidelines (generally public domain),https://images.nasa.gov/details/nasa-and-darpa-collaboration-on-rocket-propulsion-technology_NHQ202301240007
N-074,n-sheet-09.jpg,nasa/propulsion_nasa-and-darpa-collaboration-on-rocket-propulsion-technology_NHQ202301240008.jpg,propulsion_nasa-and-darpa-collaboration-on-rocket-propulsion-technology_NHQ202301240008,,,NASA media usage guidelines (generally public domain),https://images.nasa.gov/details/nasa-and-darpa-collaboration-on-rocket-propulsion-technology_NHQ202301240008
N-075,n-sheet-09.jpg,nasa/propulsion_nasa-and-darpa-collaboration-on-rocket-propulsion-technology_NHQ202301240011.jpg,propulsion_nasa-and-darpa-collaboration-on-rocket-propulsion-technology_NHQ202301240011,,,NASA media usage guidelines (generally public domain),https://images.nasa.gov/details/nasa-and-darpa-collaboration-on-rocket-propulsion-technology_NHQ202301240011
N-076,n-sheet-09.jpg,nasa/propulsion_research-technology_9255078.jpg,Research Technology,propulsion,1960-01-01T00:00:00Z,NASA media usage guidelines (generally public domain),https://images.nasa.gov/details/9255078
N-077,n-sheet-09.jpg,nasa/propulsion_research-technology_9906382.jpg,Research Technology,propulsion,1999-01-01T00:00:00Z,NASA media usage guidelines (generally public domain),https://images.nasa.gov/details/9906382
N-078,n-sheet-09.jpg,nasa/retro_wernher-von-braun_7653728.jpg,Wernher von Braun,retro,1967-05-08T00:00:00Z,NASA media usage guidelines (generally public domain),https://images.nasa.gov/details/7653728
N-079,n-sheet-09.jpg,nasa/robotic_crs-16-rrm3-move-to-spacex-facility_KSC-20181030-PH_CSH01_00.jpg,CRS-16 RRM3 Move to SpaceX Facility ,robotic,2018-10-30T00:00:00Z,NASA media usage guidelines (generally public domain),https://images.nasa.gov/details/KSC-20181030-PH_CSH01_0012
N-080,n-sheet-09.jpg,nasa/robotic_ssrms_iss050e056301.jpg,SSRMS,robotic,2017-03-08T00:00:00Z,NASA media usage guidelines (generally public domain),https://images.nasa.gov/details/iss050e056301
N-081,n-sheet-09.jpg,nasa/spaceplane_advanced-concept_9905005.jpg,Advanced Concept,spaceplane,1999-08-13T00:00:00Z,NASA media usage guidelines (generally public domain),https://images.nasa.gov/details/9905005
N-082,n-sheet-10.jpg,nasa/spaceplane_artist-concept-subsatellite-ejection-apollo-xv-msc_S71-39481.jpg,ARTIST CONCEPT - SUBSATELLITE EJECTION (APOLLO XV) - MSC,spaceplane,1971-07-08T00:00:00Z,NASA media usage guidelines (generally public domain),https://images.nasa.gov/details/S71-39481
N-083,n-sheet-10.jpg,nasa/spaceplane_comet-kohautek-art-concepts_s73-37273.jpg,COMET KOHAUTEK - ART CONCEPTS,spaceplane,1973-11-27T00:00:00Z,NASA media usage guidelines (generally public domain),https://images.nasa.gov/details/s73-37273
N-084,n-sheet-10.jpg,nasa/spaceplane_out-of-the-dust-a-planet-is-born-artist-concept_PIA05988.jpg,"Out of the Dust, A Planet is Born  Artist Concept",spaceplane,2004-05-27T16:58:00Z,NASA media usage guidelines (generally public domain),https://images.nasa.gov/details/PIA05988
N-085,n-sheet-10.jpg,nasa/spaceplane_spherex-s-perspective-from-orbit-artist-s-concept_PIA26532.jpg,SPHEREx's Perspective From Orbit (Artist's Concept),spaceplane,2025-01-23T00:00:00Z,NASA media usage guidelines (generally public domain),https://images.nasa.gov/details/PIA26532
N-086,n-sheet-10.jpg,nasa/spaceplane_voyager-2-and-the-scale-of-the-solar-system-artist-con_PIA22921.jpg,Voyager 2 and the Scale of the Solar System (Artist Concept),spaceplane,2018-12-10T00:00:00Z,NASA media usage guidelines (generally public domain),https://images.nasa.gov/details/PIA22921
N-087,n-sheet-10.jpg,nasa/station_artist-s-concept-of-skylab-space-station-cluster-in-ea_S71-52192.jpg,Artist's concept of Skylab space station cluster in Earth's orbit,station,1971-10-01T00:00:00Z,NASA media usage guidelines (generally public domain),https://images.nasa.gov/details/S71-52192
N-088,n-sheet-10.jpg,nasa/station_gateway-configuration-illustrations_KSC-20240716-PH-NAS01_00.jpg,Gateway Configuration Illustrations,station,2024-07-16T00:00:00Z,NASA media usage guidelines (generally public domain),https://images.nasa.gov/details/KSC-20240716-PH-NAS01_0001
N-089,n-sheet-10.jpg,nasa/station_international-space-station-iss_9407763.jpg,International Space Station (ISS),station,1994-07-20T00:00:00Z,NASA media usage guidelines (generally public domain),https://images.nasa.gov/details/9407763
N-090,n-sheet-10.jpg,nasa/station_international-space-station-iss_9410635.jpg,International Space Station (ISS),station,1994-04-20T00:00:00Z,NASA media usage guidelines (generally public domain),https://images.nasa.gov/details/9410635
N-091,n-sheet-11.jpg,nasa/station_international-space-station-iss_9414430.jpg,International Space Station (ISS),station,1994-12-16T00:00:00Z,NASA media usage guidelines (generally public domain),https://images.nasa.gov/details/9414430
N-092,n-sheet-11.jpg,nasa/station_international-space-station-iss_9510830.jpg,International Space Station (ISS),station,1995-07-11T00:00:00Z,NASA media usage guidelines (generally public domain),https://images.nasa.gov/details/9510830
N-093,n-sheet-11.jpg,nasa/station_international-space-station-iss_9510834.jpg,International Space Station (ISS),station,1995-07-11T00:00:00Z,NASA media usage guidelines (generally public domain),https://images.nasa.gov/details/9510834
N-094,n-sheet-11.jpg,nasa/station_n-a_9510836.jpg,n/a,station,1995-07-01T00:00:00Z,NASA media usage guidelines (generally public domain),https://images.nasa.gov/details/9510836
N-095,n-sheet-11.jpg,nasa/station_skylab_0101901.jpg,Skylab,station,1973-01-01T00:00:00Z,NASA media usage guidelines (generally public domain),https://images.nasa.gov/details/0101901
N-096,n-sheet-11.jpg,nasa/station_space-station_0102169.jpg,Space Station,station,1970-01-01T00:00:00Z,NASA media usage guidelines (generally public domain),https://images.nasa.gov/details/0102169
N-097,n-sheet-11.jpg,nasa/station_space-station_9132079.jpg,Space Station,station,1952-01-01T00:00:00Z,NASA media usage guidelines (generally public domain),https://images.nasa.gov/details/9132079
N-098,n-sheet-11.jpg,nasa/station_space-station_9801788.jpg,Space Station,station,1969-01-01T00:00:00Z,NASA media usage guidelines (generally public domain),https://images.nasa.gov/details/9801788
N-099,n-sheet-11.jpg,nasa/station_space-station_9801789.jpg,Space Station,station,1972-01-01T00:00:00Z,NASA media usage guidelines (generally public domain),https://images.nasa.gov/details/9801789
N-100,n-sheet-12.jpg,nasa/structure_hubble-space-telescope-hst-above-ov-103-s-plb-during-s_s31-04-027.jpg,Hubble Space Telescope (HST) above OV-103's PLB during STS-31 deployment,structure,1990-04-25T00:00:00Z,NASA media usage guidelines (generally public domain),https://images.nasa.gov/details/s31-04-027
N-101,n-sheet-12.jpg,nasa/structure_james-webb-space-telescope-second-primary-mirror-deplo_NHQ202201080008.jpg,James Webb Space Telescope Second Primary Mirror Deployment,structure,2022-01-08T00:00:00Z,NASA media usage guidelines (generally public domain),https://images.nasa.gov/details/NHQ202201080008
N-102,n-sheet-12.jpg,nasa/structure_james-webb-space-telescope-second-primary-mirror-deplo_NHQ202201080031.jpg,James Webb Space Telescope Second Primary Mirror Deployment,structure,2022-01-08T00:00:00Z,NASA media usage guidelines (generally public domain),https://images.nasa.gov/details/NHQ202201080031
N-103,n-sheet-12.jpg,nasa/structure_sts-31-pre-deployment-checkout-of-the-hubble-space-telescope_s31-10-016.jpg,structure_sts-31-pre-deployment-checkout-of-the-hubble-space-telescope_s31-10-016,,,NASA media usage guidelines (generally public domain),https://images.nasa.gov/details/sts-31-pre-deployment-checkout-of-the-hubble-space-telescope_s31-10-016
N-104,n-sheet-12.jpg,nasa/structure_sts-31-pre-deployment-checkout-of-the-hubble-space-telescope_s31-10-017.jpg,structure_sts-31-pre-deployment-checkout-of-the-hubble-space-telescope_s31-10-017,,,NASA media usage guidelines (generally public domain),https://images.nasa.gov/details/sts-31-pre-deployment-checkout-of-the-hubble-space-telescope_s31-10-017
N-105,n-sheet-12.jpg,nasa/tug_early-program-development_8667000.jpg,Early Program Development,tug,1989-01-01T00:00:00Z,NASA media usage guidelines (generally public domain),https://images.nasa.gov/details/8667000
N-106,n-sheet-12.jpg,nasa/tug_early-program-development_8668373.jpg,Early Program Development,tug,1986-01-01T00:00:00Z,NASA media usage guidelines (generally public domain),https://images.nasa.gov/details/8668373
N-107,n-sheet-12.jpg,nasa/tug_early-program-development_9902017.jpg,Early Program Development,tug,1970-01-01T00:00:00Z,NASA media usage guidelines (generally public domain),https://images.nasa.gov/details/9902017
N-108,n-sheet-12.jpg,nasa/tug_early-program-development_9902028.jpg,Early Program Development,tug,1972-01-01T00:00:00Z,NASA media usage guidelines (generally public domain),https://images.nasa.gov/details/9902028
N-109,n-sheet-13.jpg,nasa/tug_early-program-development_9902039.jpg,Early Program Development,tug,1970-01-01T00:00:00Z,NASA media usage guidelines (generally public domain),https://images.nasa.gov/details/9902039
N-110,n-sheet-13.jpg,nasa/tug_early-program-development_9902040.jpg,Early Program Development,tug,1970-01-01T00:00:00Z,NASA media usage guidelines (generally public domain),https://images.nasa.gov/details/9902040
N-111,n-sheet-13.jpg,nasa/tug_early-program-development_9902041.jpg,Early Program Development,tug,1970-01-01T00:00:00Z,NASA media usage guidelines (generally public domain),https://images.nasa.gov/details/9902041
N-112,n-sheet-13.jpg,nasa/tug_early-program-development_9902043.jpg,Early Program Development,tug,1970-01-01T00:00:00Z,NASA media usage guidelines (generally public domain),https://images.nasa.gov/details/9902043
N-113,n-sheet-13.jpg,nasa/tug_early-program-development_9902044.jpg,Early Program Development,tug,1970-01-01T00:00:00Z,NASA media usage guidelines (generally public domain),https://images.nasa.gov/details/9902044
N-114,n-sheet-13.jpg,nasa/tug_early-program-development_9902057.jpg,Early Program Development,tug,1970-01-01T00:00:00Z,NASA media usage guidelines (generally public domain),https://images.nasa.gov/details/9902057
N-115,n-sheet-13.jpg,nasa/tug_early-program-development_9902058.jpg,Early Program Development,tug,1970-01-01T00:00:00Z,NASA media usage guidelines (generally public domain),https://images.nasa.gov/details/9902058
N-116,n-sheet-13.jpg,nasa/tug_early-program-development_9902061.jpg,Early Program Development,tug,1970-01-01T00:00:00Z,NASA media usage guidelines (generally public domain),https://images.nasa.gov/details/9902061
C-001,c-sheet-01.jpg,commons/concept_artist-concept-of-cassini-spacecraft_PIA04233.jpg,Artist Concept of Cassini Spacecraft,concept,2002-12-21T10:47:08Z,NASA media usage guidelines (generally public domain),https://images.nasa.gov/details/PIA04233
C-002,c-sheet-01.jpg,commons/concept_dawn-spacecraft-gathering-spectral-data-from-vesta-artist-co_PIA12030.jpg,concept_dawn-spacecraft-gathering-spectral-data-from-vesta-artist-co_PIA12030,,,Wikimedia Commons — free licence; confirm on the file page,https://commons.wikimedia.org/wiki/Special:Search?search=concept_dawn%20spacecraft%20gathering%20spectral%20data%20from%20vesta%20artist%20co_PIA12030
C-003,c-sheet-01.jpg,commons/concept_nasa-dawn-spacecraft-headed-for-vesta-artist-concept_PIA14125.jpg,NASA Dawn Spacecraft Headed for Vesta Artist Concept,concept,2011-05-03T18:00:48Z,NASA media usage guidelines (generally public domain),https://images.nasa.gov/details/PIA14125
C-004,c-sheet-01.jpg,commons/concept_nasa-stereo-a-spacecraft-observing-a-very-active-sun-artist_PIA18171.jpg,Artist rendering of STEREO-A (PIA18171).jpg,,,Public domain,https://commons.wikimedia.org/wiki/File:Artist_rendering_of_STEREO-A_(PIA18171).jpg
C-005,c-sheet-01.jpg,commons/concept_solar-terrestrial-relations-observatory-spacecraft-artist-co_PIA18172.jpg,STEREO (Solar TErrestrial RElations Observatory) SPACECRAFT EVENT - DPLA - b998eb29d04503d4ca7f3a319a5124d0.jpg,,,Public domain,https://commons.wikimedia.org/wiki/File:STEREO_(Solar_TErrestrial_RElations_Observatory)_SPACECRAFT_EVENT_-_DPLA_-_b998eb29d04503d4ca7f3a319a5124d0.jpg
C-006,c-sheet-01.jpg,commons/deep-space_nasa-s-voyager-probe-speeds-through-space-artist-s-concept_PIA26353.jpg,deep-space_nasa-s-voyager-probe-speeds-through-space-artist-s-concept_PIA26353,,,Wikimedia Commons — free licence; confirm on the file page,https://commons.wikimedia.org/wiki/Special:Search?search=deep%20space_nasa%20s%20voyager%20probe%20speeds%20through%20space%20artist%20s%20concept_PIA26353
C-007,c-sheet-01.jpg,commons/habitat_arc-1976-ac76-0965_ARC-1976-AC76-0965.jpg,ARC-1976-AC76-0965,habitat,1976-06-11T00:00:00Z,NASA media usage guidelines (generally public domain),https://images.nasa.gov/details/ARC-1976-AC76-0965
C-008,c-sheet-01.jpg,commons/habitat_nasa-deputy-administrator-tours-bigelow-aerospace_201102040003HQ.jpg,NASA Deputy Administrator Tours Bigelow Aerospace,habitat,2011-02-04T00:00:00Z,NASA media usage guidelines (generally public domain),https://images.nasa.gov/details/201102040003HQ
C-009,c-sheet-01.jpg,commons/habitat_nasa-deputy-administrator-tours-bigelow-aerospace_201102040004HQ.jpg,NASA Deputy Administrator Tours Bigelow Aerospace,habitat,2011-02-04T00:00:00Z,NASA media usage guidelines (generally public domain),https://images.nasa.gov/details/201102040004HQ
C-010,c-sheet-02.jpg,commons/habitat_nasa-deputy-administrator-tours-bigelow-aerospace_201102040005HQ.jpg,NASA Deputy Administrator Tours Bigelow Aerospace,habitat,2011-02-04T00:00:00Z,NASA media usage guidelines (generally public domain),https://images.nasa.gov/details/201102040005HQ
C-011,c-sheet-02.jpg,commons/habitat_nasa-deputy-administrator-tours-bigelow-aerospace_201102040006HQ.jpg,NASA Deputy Administrator Tours Bigelow Aerospace,habitat,2011-02-04T00:00:00Z,NASA media usage guidelines (generally public domain),https://images.nasa.gov/details/201102040006HQ
C-012,c-sheet-02.jpg,commons/launch_installation-of-1-3-scale-model-of-space-shuttle-orbiter-int_AC75-2582.jpg,Main sequence star of type m 1.png,,,CC BY-SA 4.0,https://commons.wikimedia.org/wiki/File:Main_sequence_star_of_type_m_1.png
C-013,c-sheet-02.jpg,commons/launch_space-shuttle-ssv-orbiter-model-in-40x80-foot-wind-tunnel_AC75-1161-003.jpg,Space Shuttle SSV Orbiter Model In 40x80 Foot Wind Tunnel (AC75-1161-003).jpg,,,Public domain,https://commons.wikimedia.org/wiki/File:Space_Shuttle_SSV_Orbiter_Model_In_40x80_Foot_Wind_Tunnel_(AC75-1161-003).jpg
C-014,c-sheet-02.jpg,commons/launch_the-space-shuttle-columbia-touches-down-on-lakebed-runway-23_ED06-0045-1.jpg,"The Space Shuttle Columbia touches down on lakebed runway 23 at Edwards Air Force Base, Calif , to conclude the first orbital shuttle mission (EC81-15104).jpg",,,Public domain,"https://commons.wikimedia.org/wiki/File:The_Space_Shuttle_Columbia_touches_down_on_lakebed_runway_23_at_Edwards_Air_Force_Base,_Calif_,_to_conclude_the_first_orbital_shuttle_mission_(EC81-15104).jpg"
C-015,c-sheet-02.jpg,commons/launch_the-space-shuttle-columbia-touches-down-on-lakebed-runway-23_ED06-0045-4.jpg,"The Space Shuttle Columbia touches down on lakebed runway 23 at Edwards Air Force Base, Calif , to conclude the first orbital shuttle mission (EC81-15104).jpg",,,Public domain,"https://commons.wikimedia.org/wiki/File:The_Space_Shuttle_Columbia_touches_down_on_lakebed_runway_23_at_Edwards_Air_Force_Base,_Calif_,_to_conclude_the_first_orbital_shuttle_mission_(EC81-15104).jpg"
C-016,c-sheet-02.jpg,commons/probe_dawn-spacecraft-processing_KSC-07PD-0859.jpg,Dawn Spacecraft Processing,probe,2007-04-10T00:00:00Z,NASA media usage guidelines (generally public domain),https://images.nasa.gov/details/KSC-07PD-0859
C-017,c-sheet-02.jpg,commons/probe_dawn-spacecraft-processing_KSC-07PD-0865.jpg,Dawn Spacecraft Processing,probe,2007-04-10T00:00:00Z,NASA media usage guidelines (generally public domain),https://images.nasa.gov/details/KSC-07PD-0865
C-018,c-sheet-02.jpg,commons/probe_dawn-spacecraft-secured_PIA12019.jpg,Dawn Spacecraft Secured,probe,2009-05-29T20:50:04Z,NASA media usage guidelines (generally public domain),https://images.nasa.gov/details/PIA12019
C-019,c-sheet-03.jpg,commons/propulsion_nasa-and-darpa-collaboration-on-rocket-propulsion-tech_NHQ202301240001.jpg,NASA and DARPA Collaboration on Rocket Propulsion Technology Ann,propulsion,2023-01-24T00:00:00Z,NASA media usage guidelines (generally public domain),https://images.nasa.gov/details/NHQ202301240001
C-020,c-sheet-03.jpg,commons/propulsion_nasa-and-darpa-collaboration-on-rocket-propulsion-tech_NHQ202301240002.jpg,NASA and DARPA Collaboration on Rocket Propulsion Technology Ann,propulsion,2023-01-24T00:00:00Z,NASA media usage guidelines (generally public domain),https://images.nasa.gov/details/NHQ202301240002
C-021,c-sheet-03.jpg,commons/propulsion_nasa-and-darpa-collaboration-on-rocket-propulsion-tech_NHQ202301240003.jpg,NASA and DARPA Collaboration on Rocket Propulsion Technology Ann,propulsion,2023-01-24T00:00:00Z,NASA media usage guidelines (generally public domain),https://images.nasa.gov/details/NHQ202301240003
C-022,c-sheet-03.jpg,commons/propulsion_nasa-and-darpa-collaboration-on-rocket-propulsion-tech_NHQ202301240004.jpg,NASA and DARPA Collaboration on Rocket Propulsion Technology Ann,propulsion,2023-01-24T00:00:00Z,NASA media usage guidelines (generally public domain),https://images.nasa.gov/details/NHQ202301240004
C-023,c-sheet-03.jpg,commons/propulsion_nasa-and-darpa-collaboration-on-rocket-propulsion-tech_NHQ202301240005.jpg,NASA and DARPA Collaboration on Rocket Propulsion Technology Ann,propulsion,2023-01-24T00:00:00Z,NASA media usage guidelines (generally public domain),https://images.nasa.gov/details/NHQ202301240005
C-024,c-sheet-03.jpg,commons/propulsion_nasa-and-darpa-collaboration-on-rocket-propulsion-tech_NHQ202301240006.jpg,NASA and DARPA Collaboration on Rocket Propulsion Technology Ann,propulsion,2023-01-24T00:00:00Z,NASA media usage guidelines (generally public domain),https://images.nasa.gov/details/NHQ202301240006
C-025,c-sheet-03.jpg,commons/propulsion_nasa-and-darpa-collaboration-on-rocket-propulsion-tech_NHQ202301240007.jpg,NASA and DARPA Collaboration on Rocket Propulsion Technology Ann,propulsion,2023-01-24T00:00:00Z,NASA media usage guidelines (generally public domain),https://images.nasa.gov/details/NHQ202301240007
C-026,c-sheet-03.jpg,commons/propulsion_nasa-and-darpa-collaboration-on-rocket-propulsion-tech_NHQ202301240008.jpg,NASA and DARPA Collaboration on Rocket Propulsion Technology Ann,propulsion,2023-01-24T00:00:00Z,NASA media usage guidelines (generally public domain),https://images.nasa.gov/details/NHQ202301240008
C-027,c-sheet-03.jpg,commons/propulsion_nasa-and-darpa-collaboration-on-rocket-propulsion-tech_NHQ202301240011.jpg,NASA and DARPA Collaboration on Rocket Propulsion Technology Ann,propulsion,2023-01-24T00:00:00Z,NASA media usage guidelines (generally public domain),https://images.nasa.gov/details/NHQ202301240011
C-028,c-sheet-04.jpg,commons/propulsion_researcher-poses-with-a-nuclear-rocket-model_GRC-1961-C-58453.jpg,Researcher Poses with a Nuclear Rocket Model,propulsion,1961-11-23T00:00:00Z,NASA media usage guidelines (generally public domain),https://images.nasa.gov/details/GRC-1961-C-58453
C-029,c-sheet-04.jpg,commons/pulp_aandrijfraketten-onbeschadigt-terug-naar-aarde-bestand.jpg,"Aandrijfraketten onbeschadigt terug naar aarde, Bestanddeelnr 914-9803.jpg",,,CC0,"https://commons.wikimedia.org/wiki/File:Aandrijfraketten_onbeschadigt_terug_naar_aarde,_Bestanddeelnr_914-9803.jpg"
C-030,c-sheet-04.jpg,commons/pulp_amazing-stories-april-1926-jpg.jpg,"Amazing Stories, April 1926. Volume 1, Number 1.jpg",,,Public domain,"https://commons.wikimedia.org/wiki/File:Amazing_Stories,_April_1926._Volume_1,_Number_1.jpg"
C-031,c-sheet-04.jpg,commons/pulp_amazing-stories-august-1946-back-cover-png.png,pulp_amazing-stories-august-1946-back-cover-png,,,Wikimedia Commons — free licence; confirm on the file page,https://commons.wikimedia.org/wiki/Special:Search?search=pulp_amazing%20stories%20august%201946%20back%20cover%20png
C-032,c-sheet-04.jpg,commons/pulp_amazing-stories-june-1946-png.png,Amazing Stories June 1946.png,,,Public domain,https://commons.wikimedia.org/wiki/File:Amazing_Stories_June_1946.png
C-033,c-sheet-04.jpg,commons/pulp_amazing-stories-may-1926-jpg.jpg,2605 Amazing Stories May 1926.jpg,,,Public domain,https://commons.wikimedia.org/wiki/File:2605_Amazing_Stories_May_1926.jpg
C-034,c-sheet-04.jpg,commons/pulp_amazing-stories-november-1928-jpg.jpg,"Amazing Stories, November 1928.jpg",,,Public domain,"https://commons.wikimedia.org/wiki/File:Amazing_Stories,_November_1928.jpg"
C-035,c-sheet-04.jpg,commons/pulp_amazing-stories-quarterly-1930-fall-cover-jpg.jpg,Amazing Stories Quarterly 1930 Fall cover.jpg,,,Public domain,https://commons.wikimedia.org/wiki/File:Amazing_Stories_Quarterly_1930_Fall_cover.jpg
C-036,c-sheet-04.jpg,commons/pulp_amazing-stories-quarterly-1930-winter-cover-jpg.jpg,Amazing Stories Quarterly 1930 Winter cover.jpg,,,Public domain,https://commons.wikimedia.org/wiki/File:Amazing_Stories_Quarterly_1930_Winter_cover.jpg
C-037,c-sheet-05.jpg,commons/pulp_amazing-stories-september-1926-cover-png.png,"Amazing Stories, September 1926 - cover.png",,,Public domain,"https://commons.wikimedia.org/wiki/File:Amazing_Stories,_September_1926_-_cover.png"
C-038,c-sheet-05.jpg,commons/pulp_bell-telephone-magazine-1945-14756083792-jpg.jpg,Bell telephone magazine (1945) (14756083792).jpg,,,No restrictions,https://commons.wikimedia.org/wiki/File:Bell_telephone_magazine_(1945)_(14756083792).jpg
C-039,c-sheet-05.jpg,commons/pulp_bohemian-national-cemetery-chicago-frank-tuma-mausoleu.jpg,Bohemian National Cemetery Chicago Frank Tuma Mausoleum-0386.jpg,,,CC BY-SA 4.0,https://commons.wikimedia.org/wiki/File:Bohemian_National_Cemetery_Chicago_Frank_Tuma_Mausoleum-0386.jpg
C-040,c-sheet-05.jpg,commons/pulp_coil-beam-spaceship-webp.png,Coil–beam spaceship.webp,,,CC0,https://commons.wikimedia.org/wiki/File:Coil%E2%80%93beam_spaceship.webp
C-041,c-sheet-05.jpg,commons/pulp_frank-paul-nuuausala-5557201798-jpg.jpg,FRANK-PAUL NUUAUSALA (5557201798).jpg,,,CC BY-SA 2.0,https://commons.wikimedia.org/wiki/File:FRANK-PAUL_NUUAUSALA_(5557201798).jpg
C-042,c-sheet-05.jpg,commons/pulp_frank-paul-nuuausala-6913585743-jpg.jpg,FRANK PAUL NUUAUSALA (6913585743).jpg,,,CC BY-SA 2.0,https://commons.wikimedia.org/wiki/File:FRANK_PAUL_NUUAUSALA_(6913585743).jpg
C-043,c-sheet-05.jpg,commons/pulp_frank-tunrer-senator-paul-sarbanes-2003-annual-meeting.jpg,pulp_frank-tunrer-senator-paul-sarbanes-2003-annual-meeting,,,Wikimedia Commons — free licence; confirm on the file page,https://commons.wikimedia.org/wiki/Special:Search?search=pulp_frank%20tunrer%20senator%20paul%20sarbanes%202003%20annual%20meeting
C-044,c-sheet-05.jpg,commons/pulp_jonathan-lines-cindy-mccain-mark-brnovich-kimberly-yee.jpg,pulp_jonathan-lines-cindy-mccain-mark-brnovich-kimberly-yee,,,Wikimedia Commons — free licence; confirm on the file page,https://commons.wikimedia.org/wiki/Special:Search?search=pulp_jonathan%20lines%20cindy%20mccain%20mark%20brnovich%20kimberly%20yee
C-045,c-sheet-05.jpg,commons/pulp_jonathan-lines-frank-riggs-mark-brnovich-kimberly-yee.jpg,pulp_jonathan-lines-frank-riggs-mark-brnovich-kimberly-yee,,,Wikimedia Commons — free licence; confirm on the file page,https://commons.wikimedia.org/wiki/Special:Search?search=pulp_jonathan%20lines%20frank%20riggs%20mark%20brnovich%20kimberly%20yee
C-046,c-sheet-06.jpg,commons/pulp_journal-of-the-late-campaign-in-egypt-including-descri.jpg,pulp_journal-of-the-late-campaign-in-egypt-including-descri,,,Wikimedia Commons — free licence; confirm on the file page,https://commons.wikimedia.org/wiki/Special:Search?search=pulp_journal%20of%20the%20late%20campaign%20in%20egypt%20including%20descri
C-047,c-sheet-06.jpg,commons/pulp_lives-of-the-presidents-of-the-united-states-of-americ.jpg,pulp_lives-of-the-presidents-of-the-united-states-of-americ,,,Wikimedia Commons — free licence; confirm on the file page,https://commons.wikimedia.org/wiki/Special:Search?search=pulp_lives%20of%20the%20presidents%20of%20the%20united%20states%20of%20americ
C-048,c-sheet-06.jpg,commons/pulp_peck-and-snyder-s-encyclop-dia-and-price-list-of-all-o.jpg,pulp_peck-and-snyder-s-encyclop-dia-and-price-list-of-all-o,,,Wikimedia Commons — free licence; confirm on the file page,https://commons.wikimedia.org/wiki/Special:Search?search=pulp_peck%20and%20snyder%20s%20encyclop%20dia%20and%20price%20list%20of%20all%20o
C-049,c-sheet-06.jpg,commons/pulp_plan-of-the-queen-s-jubilee-naval-review-at-spithead-2.jpg,pulp_plan-of-the-queen-s-jubilee-naval-review-at-spithead-2,,,Wikimedia Commons — free licence; confirm on the file page,https://commons.wikimedia.org/wiki/Special:Search?search=pulp_plan%20of%20the%20queen%20s%20jubilee%20naval%20review%20at%20spithead%202
C-050,c-sheet-06.jpg,commons/pulp_stsci-unfolding-sequence-jpg.jpg,pulp_stsci-unfolding-sequence-jpg,,,Wikimedia Commons — free licence; confirm on the file page,https://commons.wikimedia.org/wiki/Special:Search?search=pulp_stsci%20unfolding%20sequence%20jpg
C-051,c-sheet-06.jpg,commons/retro-art_the-soviet-union-1964-cpa-3089-souvenir-sheet-soviet-c.png,retro-art_the-soviet-union-1964-cpa-3089-souvenir-sheet-soviet-c,,,Wikimedia Commons — free licence; confirm on the file page,https://commons.wikimedia.org/wiki/Special:Search?search=retro%20art_the%20soviet%20union%201964%20cpa%203089%20souvenir%20sheet%20soviet%20c
C-052,c-sheet-06.jpg,commons/retro-art_the-soviet-union-1964-cpa-3089a-souvenir-sheet-soviet.png,retro-art_the-soviet-union-1964-cpa-3089a-souvenir-sheet-soviet,,,Wikimedia Commons — free licence; confirm on the file page,https://commons.wikimedia.org/wiki/Special:Search?search=retro%20art_the%20soviet%20union%201964%20cpa%203089a%20souvenir%20sheet%20soviet
C-053,c-sheet-06.jpg,commons/spaceplane_voyager-2-and-the-scale-of-the-solar-system-artist-concept_PIA22921.jpg,spaceplane_voyager-2-and-the-scale-of-the-solar-system-artist-concept_PIA22921,,,Wikimedia Commons — free licence; confirm on the file page,https://commons.wikimedia.org/wiki/Special:Search?search=spaceplane_voyager%202%20and%20the%20scale%20of%20the%20solar%20system%20artist%20concept_PIA22921
C-054,c-sheet-06.jpg,commons/station_artist-s-concept-of-skylab-space-station-cluster-in-earth-s_S71-52192.jpg,station_artist-s-concept-of-skylab-space-station-cluster-in-earth-s_S71-52192,,,Wikimedia Commons — free licence; confirm on the file page,https://commons.wikimedia.org/wiki/Special:Search?search=station_artist%20s%20concept%20of%20skylab%20space%20station%20cluster%20in%20earth%20s_S71%2052192
C-055,c-sheet-07.jpg,commons/station_international-space-station-iss_9410696.jpg,International Space Station (ISS),station,1994-09-21T00:00:00Z,NASA media usage guidelines (generally public domain),https://images.nasa.gov/details/9410696
C-056,c-sheet-07.jpg,commons/station_international-space-station-iss_9802675.jpg,International Space Station (ISS),station,1997-06-01T00:00:00Z,NASA media usage guidelines (generally public domain),https://images.nasa.gov/details/9802675
C-057,c-sheet-07.jpg,commons/station_international-space-station-iss_9906376.jpg,International Space Station (ISS),station,2004-04-15T00:00:00Z,NASA media usage guidelines (generally public domain),https://images.nasa.gov/details/9906376
C-058,c-sheet-07.jpg,commons/structure_hubble-space-telescope-hst-above-ov-103-s-plb-during-sts-31_s31-04-027.jpg,structure_hubble-space-telescope-hst-above-ov-103-s-plb-during-sts-31_s31-04-027,,,Wikimedia Commons — free licence; confirm on the file page,https://commons.wikimedia.org/wiki/Special:Search?search=structure_hubble%20space%20telescope%20hst%20above%20ov%20103%20s%20plb%20during%20sts%2031_s31%2004%20027
C-059,c-sheet-07.jpg,commons/structure_hubble-space-telescope-hst-solar-array-sa-panel-deploy_s31-10-023.jpg,Hubble Space Telescope (HST) solar array (SA) panel deployment during STS-31,structure,1990-04-25T00:00:00Z,NASA media usage guidelines (generally public domain),https://images.nasa.gov/details/s31-10-023
C-060,c-sheet-07.jpg,commons/structure_hubble-space-telescope-hst-solar-array-sa-panel-deployment-d_s31-10-023.jpg,structure_hubble-space-telescope-hst-solar-array-sa-panel-deployment-d_s31-10-023,,,Wikimedia Commons — free licence; confirm on the file page,https://commons.wikimedia.org/wiki/Special:Search?search=structure_hubble%20space%20telescope%20hst%20solar%20array%20sa%20panel%20deployment%20d_s31%2010%20023
C-061,c-sheet-07.jpg,commons/structure_james-webb-space-telescope-second-primary-mirror-deployment_NHQ202201080008.jpg,structure_james-webb-space-telescope-second-primary-mirror-deployment_NHQ202201080008,,,Wikimedia Commons — free licence; confirm on the file page,https://commons.wikimedia.org/wiki/Special:Search?search=structure_james%20webb%20space%20telescope%20second%20primary%20mirror%20deployment_NHQ202201080008
C-062,c-sheet-07.jpg,commons/structure_james-webb-space-telescope-second-primary-mirror-deployment_NHQ202201080031.jpg,structure_james-webb-space-telescope-second-primary-mirror-deployment_NHQ202201080031,,,Wikimedia Commons — free licence; confirm on the file page,https://commons.wikimedia.org/wiki/Special:Search?search=structure_james%20webb%20space%20telescope%20second%20primary%20mirror%20deployment_NHQ202201080031
C-063,c-sheet-07.jpg,commons/structure_sts-31-pre-deployment-checkout-of-the-hubble-space-tel_s31-10-016.jpg,STS-31 pre-deployment checkout of the Hubble Space Telescope (HST) on OV-103,structure,1990-04-25T00:00:00Z,NASA media usage guidelines (generally public domain),https://images.nasa.gov/details/s31-10-016
C-064,c-sheet-08.jpg,commons/structure_sts-31-pre-deployment-checkout-of-the-hubble-space-tel_s31-10-017.jpg,STS-31 pre-deployment checkout of the Hubble Space Telescope (HST) on OV-103,structure,1990-04-25T00:00:00Z,NASA media usage guidelines (generally public domain),https://images.nasa.gov/details/s31-10-017
C-065,c-sheet-08.jpg,commons/thermal_kennedy-space-center-fla-a-worker-at-hangar-a-e-cape-c_KSC-03pd2293.jpg,"KENNEDY SPACE CENTER, FLA.  -  A worker at Hangar A&E, Cape Canaveral Air Force Station, place the lower panels of the canister around the Space Infrared Telesc",thermal,2003-08-07T00:00:00Z,NASA media usage guidelines (generally public domain),https://images.nasa.gov/details/KSC-03pd2293
C-066,c-sheet-08.jpg,commons/thermal_kennedy-space-center-fla-a-worker-at-hangar-a-e-cape-canaver_KSC-03pd2293.jpg,thermal_kennedy-space-center-fla-a-worker-at-hangar-a-e-cape-canaver_KSC-03pd2293,,,Wikimedia Commons — free licence; confirm on the file page,https://commons.wikimedia.org/wiki/Special:Search?search=thermal_kennedy%20space%20center%20fla%20a%20worker%20at%20hangar%20a%20e%20cape%20canaver_KSC%2003pd2293
C-067,c-sheet-08.jpg,commons/thermal_kennedy-space-center-fla-in-hangar-a-e-cape-canaveral-air-fo_KSC-03pd2300.jpg,thermal_kennedy-space-center-fla-in-hangar-a-e-cape-canaveral-air-fo_KSC-03pd2300,,,Wikimedia Commons — free licence; confirm on the file page,https://commons.wikimedia.org/wiki/Special:Search?search=thermal_kennedy%20space%20center%20fla%20in%20hangar%20a%20e%20cape%20canaveral%20air%20fo_KSC%2003pd2300
C-068,c-sheet-08.jpg,commons/thermal_kennedy-space-center-fla-in-hangar-a-e-cape-canaveral_KSC-03pd2300.jpg,"KENNEDY SPACE CENTER, FLA.  -  In Hangar A&E, Cape Canaveral Air Force Station, the upper canister is mated to the middle panels around the Space Infrared Teles",thermal,2003-08-07T00:00:00Z,NASA media usage guidelines (generally public domain),https://images.nasa.gov/details/KSC-03pd2300
C-069,c-sheet-08.jpg,commons/thermal_kennedy-space-center-fla-workers-at-hangar-a-e-cape-ca_KSC-03pd2294.jpg,"KENNEDY SPACE CENTER, FLA.  - Workers at Hangar A&E, Cape Canaveral Air Force Station, place the middle row of panels to encapsulate the Space Infrared Telescop",thermal,2003-08-07T00:00:00Z,NASA media usage guidelines (generally public domain),https://images.nasa.gov/details/KSC-03pd2294
C-070,c-sheet-08.jpg,commons/thermal_kennedy-space-center-fla-workers-at-hangar-a-e-cape-canavera_KSC-03pd2294.jpg,thermal_kennedy-space-center-fla-workers-at-hangar-a-e-cape-canavera_KSC-03pd2294,,,Wikimedia Commons — free licence; confirm on the file page,https://commons.wikimedia.org/wiki/Special:Search?search=thermal_kennedy%20space%20center%20fla%20workers%20at%20hangar%20a%20e%20cape%20canavera_KSC%2003pd2294
C-071,c-sheet-08.jpg,commons/thermal_kennedy-space-center-fla-working-from-a-stand-technici_KSC-03pd2301.jpg,"KENNEDY SPACE CENTER, FLA.  -  Working from a stand, technicians fasten the upper portion of the canister to the middle panels around the Space Infrared Telesco",thermal,2003-08-07T00:00:00Z,NASA media usage guidelines (generally public domain),https://images.nasa.gov/details/KSC-03pd2301
C-072,c-sheet-08.jpg,commons/thermal_kennedy-space-center-fla-working-from-a-stand-technicians-fa_KSC-03pd2301.jpg,thermal_kennedy-space-center-fla-working-from-a-stand-technicians-fa_KSC-03pd2301,,,Wikimedia Commons — free licence; confirm on the file page,https://commons.wikimedia.org/wiki/Special:Search?search=thermal_kennedy%20space%20center%20fla%20working%20from%20a%20stand%20technicians%20fa_KSC%2003pd2301
F-001,f-sheet-01.jpg,fiction/art_borkum-evangelisch-reformierte-kirche-2020-2675-jpg.jpg,"Borkum, Evangelisch-reformierte Kirche -- 2020 -- 2675.jpg",art,,CC BY-SA 4.0,"https://commons.wikimedia.org/wiki/File:Borkum,_Evangelisch-reformierte_Kirche_--_2020_--_2675.jpg"
F-002,f-sheet-01.jpg,fiction/art_d-lmen-skulptur-anna-katharina-emmerick-heilig-kreuz.jpg,"Dülmen, Skulptur -Anna Katharina Emmerick- (Heilig-Kreuz-Kirche) -- 2014 -- 3188.jpg",art,,CC BY-SA 4.0,"https://commons.wikimedia.org/wiki/File:D%C3%BClmen,_Skulptur_-Anna_Katharina_Emmerick-_(Heilig-Kreuz-Kirche)_--_2014_--_3188.jpg"
F-003,f-sheet-01.jpg,fiction/art_eckernf-rde-restaurantschiff-2023-1066-jpg.jpg,"Eckernförde, Restaurantschiff -- 2023 -- 1066.jpg",art,,CC BY-SA 4.0,"https://commons.wikimedia.org/wiki/File:Eckernf%C3%B6rde,_Restaurantschiff_--_2023_--_1066.jpg"
F-004,f-sheet-01.jpg,fiction/art_hamburg-kontorhausviertel-chilehaus-2016-3420-jpg.jpg,"Hamburg, Kontorhausviertel, Chilehaus -- 2016 -- 3420.jpg",art,,CC BY-SA 4.0,"https://commons.wikimedia.org/wiki/File:Hamburg,_Kontorhausviertel,_Chilehaus_--_2016_--_3420.jpg"
F-005,f-sheet-01.jpg,fiction/art_hamburg-kontorhausviertel-chilehaus-2016-3435-jpg.jpg,"Hamburg, Kontorhausviertel, Chilehaus -- 2016 -- 3435.jpg",art,,CC BY-SA 4.0,"https://commons.wikimedia.org/wiki/File:Hamburg,_Kontorhausviertel,_Chilehaus_--_2016_--_3435.jpg"
F-006,f-sheet-01.jpg,fiction/art_pirate-ship-geograph-org-uk-7310615-jpg.jpg,"""Pirate Ship"" - geograph.org.uk - 7310615.jpg",art,,CC BY-SA 2.0,https://commons.wikimedia.org/wiki/File:%22Pirate_Ship%22_-_geograph.org.uk_-_7310615.jpg
F-007,f-sheet-01.jpg,fiction/fiction_1967-cpa-3549-1-jpg.jpg,1967 CPA 3549 (1).jpg,fiction,1967,Public domain,https://commons.wikimedia.org/wiki/File:1967_CPA_3549_(1).jpg
F-008,f-sheet-01.jpg,fiction/fiction_1967-cpa-3549-2-jpg.jpg,1967 CPA 3549 (2).jpg,fiction,1967,Public domain,https://commons.wikimedia.org/wiki/File:1967_CPA_3549_(2).jpg
F-009,f-sheet-01.jpg,fiction/fiction_3d-render-of-a-fictional-spacecraft-jpg.jpg,3D render of a fictional spacecraft.jpg,fiction,2017-02-11,CC0,https://commons.wikimedia.org/wiki/File:3D_render_of_a_fictional_spacecraft.jpg
F-010,f-sheet-02.jpg,fiction/fiction_aa2k7-18-jpg.jpg,Aa2k7 18.jpg,fiction,2007,Public domain,https://commons.wikimedia.org/wiki/File:Aa2k7_18.jpg
F-011,f-sheet-02.jpg,fiction/fiction_amazing-mystery-funnies-19-page-9-jpg.jpg,Amazing Mystery Funnies 19 page 9.jpg,fiction,1940-04-04,Public domain,https://commons.wikimedia.org/wiki/File:Amazing_Mystery_Funnies_19_page_9.jpg
F-012,f-sheet-02.jpg,fiction/fiction_amazing-stories-196311-jpg.jpg,fiction_amazing-stories-196311-jpg,,,Wikimedia Commons — free licence; confirm on the file page,https://commons.wikimedia.org/wiki/Special:Search?search=fiction_amazing%20stories%20196311%20jpg
F-013,f-sheet-02.jpg,fiction/fiction_around-the-moon-151483812-jpg.jpg,Around the Moon (151483812).jpg,fiction,1872,Public domain,https://commons.wikimedia.org/wiki/File:Around_the_Moon_(151483812).jpg
F-014,f-sheet-02.jpg,fiction/fiction_astromenace-cheat-png.png,AstroMenace cheat.png,fiction,2014-08-24 19:32:46,CC BY-SA 4.0,https://commons.wikimedia.org/wiki/File:AstroMenace_cheat.png
F-015,f-sheet-02.jpg,fiction/fiction_astromenace-gameplay-jpg.jpg,Astromenace Gameplay.jpg,fiction,2019-03-20 22:54:23,GPL,https://commons.wikimedia.org/wiki/File:Astromenace_Gameplay.jpg
F-016,f-sheet-02.jpg,fiction/fiction_astromenace-title-screen-jpg.jpg,Astromenace Title Screen.jpg,fiction,2019-03-20 22:52:53,GPL,https://commons.wikimedia.org/wiki/File:Astromenace_Title_Screen.jpg
F-017,f-sheet-02.jpg,fiction/fiction_astromenace3-jpg.jpg,Astromenace3.jpg,fiction,2017-05-28,CC BY-SA 3.0,https://commons.wikimedia.org/wiki/File:Astromenace3.jpg
F-018,f-sheet-02.jpg,fiction/fiction_bc-303-promethee-jpg.jpg,BC-303 Promethee.JPG,fiction,2009-07-25,CC BY-SA 3.0,https://commons.wikimedia.org/wiki/File:BC-303_Promethee.JPG
F-019,f-sheet-03.jpg,fiction/fiction_eve-combat-png.png,EVE Combat.png,fiction,2007-09-22,CC BY-SA 3.0,https://commons.wikimedia.org/wiki/File:EVE_Combat.png
F-020,f-sheet-03.jpg,fiction/fiction_eve-online-empyrean-age-screenshot-jpg.jpg,Eve Online - Empyrean Age screenshot.jpg,fiction,2008-07-04,CC BY-SA 3.0,https://commons.wikimedia.org/wiki/File:Eve_Online_-_Empyrean_Age_screenshot.jpg
F-021,f-sheet-03.jpg,fiction/fiction_eve-online-gallente-frigate-jpg.jpg,EVE Online - Gallente Frigate.jpg,fiction,,CC BY-SA 3.0,https://commons.wikimedia.org/wiki/File:EVE_Online_-_Gallente_Frigate.jpg
F-022,f-sheet-03.jpg,fiction/fiction_famousfunniesno214-jpg.jpg,FamousFunniesNo214.jpg,fiction,1954-11,Public domain,https://commons.wikimedia.org/wiki/File:FamousFunniesNo214.jpg
F-023,f-sheet-03.jpg,fiction/fiction_flotilla-combat-blendo-games-jpg.jpg,Flotilla - combat (Blendo Games).jpg,fiction,2011-08-05 19:34:46,CC BY 2.0,https://commons.wikimedia.org/wiki/File:Flotilla_-_combat_(Blendo_Games).jpg
F-024,f-sheet-03.jpg,fiction/film_discovery-one-model-8648661837-jpg.jpg,Discovery One model (8648661837).jpg,film,,CC BY 2.0,https://commons.wikimedia.org/wiki/File:Discovery_One_model_(8648661837).jpg
F-025,f-sheet-03.jpg,fiction/film_discovery-one-model-8648661837-vergr-sserung-jpg.jpg,Discovery One model (8648661837) - Vergrösserung.jpg,film,,CC BY-SA 4.0,https://commons.wikimedia.org/wiki/File:Discovery_One_model_(8648661837)_-_Vergr%C3%B6sserung.jpg
F-026,f-sheet-03.jpg,fiction/film_discovery-one-model-from-2001-a-space-odyssey-montag.jpg,Discovery One model from 2001 - A Space Odyssey - montage on black background.jpg,film,,CC BY-SA 4.0,https://commons.wikimedia.org/wiki/File:Discovery_One_model_from_2001_-_A_Space_Odyssey_-_montage_on_black_background.jpg
F-027,f-sheet-03.jpg,fiction/film_gb1508-5714-most-distant-x-ray-jet-yet-discovered-pr.jpg,GB1508+5714- Most Distant X-Ray Jet Yet Discovered Provides Clues To Big Bang (2003-gb1508 - gb1508 xray illustration).tiff,film,,Public domain,https://commons.wikimedia.org/wiki/File:GB1508%2B5714-_Most_Distant_X-Ray_Jet_Yet_Discovered_Provides_Clues_To_Big_Bang_(2003-gb1508_-_gb1508_xray_illustration).tiff
F-028,f-sheet-04.jpg,fiction/film_mtbvac-development-25-years-png.jpg,MTBVAC development 25 years.png,film,,CC BY-SA 4.0,https://commons.wikimedia.org/wiki/File:MTBVAC_development_25_years.png
F-029,f-sheet-04.jpg,fiction/film_new-ev-2018-owned-by-greg-nicotero-png.jpg,"NEW EV 2018, owned by greg nicotero.png",film,,CC BY-SA 4.0,"https://commons.wikimedia.org/wiki/File:NEW_EV_2018,_owned_by_greg_nicotero.png"
F-030,f-sheet-04.jpg,fiction/film_spaceship-discovery-one-film-prop-from-2001-a-space-.jpg,Spaceship Discovery One - film prop from '2001 - A Space Odyssey' - LACMA exhibition.jpg,film,,CC BY 2.0,https://commons.wikimedia.org/wiki/File:Spaceship_Discovery_One_-_film_prop_from_%272001_-_A_Space_Odyssey%27_-_LACMA_exhibition.jpg
F-031,f-sheet-04.jpg,fiction/film_stanley-kubrick-exhibit-007-8766825893-jpg.jpg,Stanley Kubrick Exhibit 007 (8766825893).jpg,film,,CC BY 2.0,https://commons.wikimedia.org/wiki/File:Stanley_Kubrick_Exhibit_007_(8766825893).jpg
F-032,f-sheet-04.jpg,fiction/render_a-performance-inside-starship-jpg.jpg,A performance inside Starship.jpg,render,,CC0,https://commons.wikimedia.org/wiki/File:A_performance_inside_Starship.jpg
F-033,f-sheet-04.jpg,fiction/space-art_cosmic-dust-bin-interstellar-trance-music-video-webm.jpg,Cosmic Dust Bin - Interstellar (Trance Music Video).webm,space-art,2024-05-27,CC BY 3.0,https://commons.wikimedia.org/wiki/File:Cosmic_Dust_Bin_-_Interstellar_(Trance_Music_Video).webm
F-034,f-sheet-04.jpg,fiction/startrek_leonard-nimoy-william-shatner-star-trek-1968-jpg.jpg,Leonard Nimoy William Shatner Star Trek 1968.JPG,startrek,,Public domain,https://commons.wikimedia.org/wiki/File:Leonard_Nimoy_William_Shatner_Star_Trek_1968.JPG
F-035,f-sheet-04.jpg,fiction/starwars_albatross-ncc-1996-theta-jpg.jpg,ALBATROSS NCC-1996-Theta.jpg,starwars,,CC BY-SA 4.0,https://commons.wikimedia.org/wiki/File:ALBATROSS_NCC-1996-Theta.jpg
F-036,f-sheet-04.jpg,fiction/starwars_star-destroyer-cat-lol-jpg.jpg,Star Destroyer Cat LOL.JPG,starwars,,Public domain,https://commons.wikimedia.org/wiki/File:Star_Destroyer_Cat_LOL.JPG
F-037,f-sheet-05.jpg,fiction/toy_epic-ness-14994732721-jpg.jpg,Epic-ness... (14994732721).jpg,toy,,CC BY 2.0,https://commons.wikimedia.org/wiki/File:Epic-ness..._(14994732721).jpg
F-038,f-sheet-05.jpg,fiction/toy_litho-tin-toy-monorail-rocket-ship-linemar-rocket-ex.jpg,"Litho tin toy MONORAIL ROCKET-SHIP - LINEMAR, Rocket Express pic6.JPG",toy,,CC0,"https://commons.wikimedia.org/wiki/File:Litho_tin_toy_MONORAIL_ROCKET-SHIP_-_LINEMAR,_Rocket_Express_pic6.JPG"
F-039,f-sheet-05.jpg,fiction/tv_allison-scagliotti-comic-con-2010-cropped-jpg.jpg,Allison Scagliotti - Comic-Con 2010 (cropped).jpg,tv,,CC BY-SA 2.0,https://commons.wikimedia.org/wiki/File:Allison_Scagliotti_-_Comic-Con_2010_(cropped).jpg
F-040,f-sheet-05.jpg,fiction/tv_babylonian-model-of-chariot-walters-481965-jpg.jpg,Babylonian - Model of Chariot - Walters 481965.jpg,tv,,Public domain,https://commons.wikimedia.org/wiki/File:Babylonian_-_Model_of_Chariot_-_Walters_481965.jpg
F-041,f-sheet-05.jpg,fiction/tv_berlin-mitte-kino-babylon-3-jpg.jpg,"Berlin-Mitte, Kino Babylon (3).jpg",tv,,CC BY-SA 4.0,"https://commons.wikimedia.org/wiki/File:Berlin-Mitte,_Kino_Babylon_(3).jpg"
F-042,f-sheet-05.jpg,fiction/tv_dalek-vorlon-8733132-jpg.jpg,Dalek & Vorlon (8733132).jpg,tv,,CC BY-SA 2.0,https://commons.wikimedia.org/wiki/File:Dalek_%26_Vorlon_(8733132).jpg
F-043,f-sheet-05.jpg,fiction/tv_deric-hughes-and-allison-scagliotti-comic-con-2010-j.jpg,Deric Hughes and Allison Scagliotti - Comic-Con 2010.jpg,tv,,CC BY-SA 2.0,https://commons.wikimedia.org/wiki/File:Deric_Hughes_and_Allison_Scagliotti_-_Comic-Con_2010.jpg
F-044,f-sheet-05.jpg,fiction/tv_ekkehard-woelk-trio-quartett-asv2023-08-img2-jpg.jpg,Ekkehard Woelk Trio Quartett asv2023-08 img2.jpg,tv,,FAL,https://commons.wikimedia.org/wiki/File:Ekkehard_Woelk_Trio_Quartett_asv2023-08_img2.jpg
F-045,f-sheet-05.jpg,fiction/tv_ekkehard-woelk-trio-quartett-asv2023-08-img3-jpg.jpg,Ekkehard Woelk Trio Quartett asv2023-08 img3.jpg,tv,,FAL,https://commons.wikimedia.org/wiki/File:Ekkehard_Woelk_Trio_Quartett_asv2023-08_img3.jpg
F-046,f-sheet-06.jpg,fiction/tv_france-lorraine-13th-century-miniature-from-a-manusc.jpg,"France, Lorraine, 13th century - Miniature from a Manuscript of the Apocalypse- The Fall of Babylon - 1983.73.1.b - Cleveland Museum of Art.jpg",tv,,CC0,"https://commons.wikimedia.org/wiki/File:France,_Lorraine,_13th_century_-_Miniature_from_a_Manuscript_of_the_Apocalypse-_The_Fall_of_Babylon_-_1983.73.1.b_-_Cleveland_Museum_of_Art.jpg"
F-047,f-sheet-06.jpg,fiction/tv_grace-park-battlestar-galactica-orchestra-concert-01.jpg,Grace Park @ Battlestar Galactica Orchestra concert 01.jpg,tv,,CC BY 2.0,https://commons.wikimedia.org/wiki/File:Grace_Park_@_Battlestar_Galactica_Orchestra_concert_01.jpg
F-048,f-sheet-06.jpg,fiction/tv_grace-park-battlestar-galactica-orchestra-concert-02.jpg,Grace Park @ Battlestar Galactica Orchestra concert 02.jpg,tv,,CC BY 2.0,https://commons.wikimedia.org/wiki/File:Grace_Park_@_Battlestar_Galactica_Orchestra_concert_02.jpg
F-049,f-sheet-06.jpg,fiction/tv_p1050287-3642650445-jpg.jpg,P1050287 (3642650445).jpg,tv,,CC BY 2.0,https://commons.wikimedia.org/wiki/File:P1050287_(3642650445).jpg
F-050,f-sheet-06.jpg,fiction/tv_stargate-and-tesla-jpg.jpg,Stargate and Tesla.jpg,tv,,CC BY-SA 4.0,https://commons.wikimedia.org/wiki/File:Stargate_and_Tesla.jpg
